261525246,Холодильник SAMSUNG RB34T600FSA/UA,22 799 ₴
130057212,Холодильник BOSCH KGN39VL316,24 299 ₴
348230049,Холодильник Whirlpool W7X 82O W,19 399 ₴
355576389,Холодильник LG GW-B509SLKM,25 499 ₴
308140273,Холодильник INDESIT INFC8 TI21W,17 399 ₴
330272713,Холодильник SAMSUNG RB38T600FSA/UA,24 599 ₴
261522461,Холодильник SAMSUNG RB36T670FSA/UA,22 099 ₴
135486112,Холодильник BOSCH KGN39VI306,24 899 ₴
320262790,Холодильник INDESIT LI7 S1E W,13 999 ₴
184563541,Холодильник BEKO RCNA406I30XB,22 999 ₴
333254422,Холодильник SAMSUNG RB38T600FWW/UA,24 599 ₴
129981199,Холодильник BOSCH KGN36VL326,20 999 ₴
320260486,Холодильник INDESIT LI6 S1E W,12 999 ₴
230696959,Холодильник BEKO RCNA406E35ZXB,19 999 ₴
348120165,Холодильник Whirlpool W7X 82I K,20 599 ₴
345608932,Холодильник INDESIT INFC8 TI21X,17 999 ₴
312202765,Холодильник GORENJE NRK6201PW4,20 599 ₴
59207440,Холодильник BOSCH KGN39XW326,26 199 ₴
347871063,Холодильник Whirlpool W7X 82I OX,19 599 ₴
346969209,Холодильник Whirlpool W7X 81O OX 0,18 999 ₴
255689121,Холодильник SAMSUNG RB36T674FB1/UA,23 899 ₴
355583568,Холодильник LG GW-B459SLCM,24 999 ₴
184796060,Холодильник BEKO RCSA366K30XB,15 399 ₴
152601072,Холодильник VESTFROST CLF3741W,13 999 ₴
40306520,Холодильник BOSCH KGN49XI30U,33 999 ₴
261461716,Холодильник SAMSUNG RB38T603FSA/UA,25 199 ₴
312202645,Холодильник GORENJE NRK6201SYBK,22 999 ₴
261495051,Холодильник SAMSUNG RB36T674FSA/UA,23 299 ₴
320262799,Холодильник INDESIT LI9 S1E S,16 299 ₴
346969206,Холодильник Whirlpool W7X 82I W,18 999 ₴
17684394,Холодильник BOSCH KGN36NW306,19 299 ₴
277850433,Холодильник VESTFROST CW278W,12 999 ₴
251811161,Холодильник BEKO RDSA240K20XB,10 999 ₴
17683422,Холодильник BOSCH KGN33NL206,18 699 ₴
184699243,Холодильник BEKO RCNA406I30W,18 999 ₴
346969218,Холодильник Whirlpool W7X 82O OX,19 999 ₴
130100458,Холодильник BOSCH KGN39XL316,26 599 ₴
349550364,Холодильник CANDY CCE4T620EW,17 499 ₴
261454076,Холодильник SAMSUNG RB38T676FEL/UA,24 999 ₴
21398336,Холодильник BEKO RDSA240K20W,10 499 ₴
261429311,Холодильник SAMSUNG RB38T676FB1/UA,25 599 ₴
217874305,Холодильник SIEMENS KG39NXX316,27 899 ₴
130113156,Холодильник BOSCH KGN39XI326,25 799 ₴
261456561,Холодильник SAMSUNG RB38T603FEL/UA,25 199 ₴
184794520,Холодильник BEKO RCSA406K30W,15 493 ₴
287936963,Холодильник LG GW-B509SMUM,29 999 ₴
261454961,Холодильник SAMSUNG RB38T676FSA/UA,24 999 ₴
333244669,Холодильник SAMSUNG RB38T600FEL/UA,24 599 ₴
353497557,Холодильник GORENJE NRK6191EXL4,19 999 ₴
91679174,Холодильник WHIRLPOOL W9 931D KS,26 777 ₴
233302831,Холодильник GORENJE RK 6191 ES4,17 999 ₴
343320706,Холодильник INDESIT LI8S1EW,14 999 ₴
233221309,Холодильник GORENJE NRK 6202 AW4,22 099 ₴
355577784,Холодильник LG GW-B509SEKM,25 499 ₴
348133773,Холодильник Whirlpool W7X82OK,19 499 ₴
261480276,Холодильник SAMSUNG RB36T674FEL/UA,23 299 ₴
21392981,Холодильник BEKO RCSA270K20W,13 825 ₴
251811241,Холодильник BEKO RCHA386K30W,17 999 ₴
184683878,Холодильник BEKO RDSA280K20W,12 999 ₴
318860044,Холодильник BOSCH KDN55NL20U,29 399 ₴
