318463324,Мобільний телефон Apple iPhone 13 128GB Pink (MLPH3HU/A),35 999 ₴
340365525,Мобільний телефон Samsung Galaxy A73 5G 6/128Gb White (SM-A736BZWDSEK),19 299 ₴
320443495,Мобільний телефон ZTE Blade V30 4/128 GB Black (850650),5 499 ₴
260937036,Мобільний телефон Apple iPhone 11 128GB Yellow (MHDL3),25 499 ₴
331621069,Мобільний телефон Samsung Galaxy S21 FE 6/128GB Lavender (SM-G990BLVDSEK/SM-G990BLVFSEK),23 499 ₴
347516328,Мобільний телефон Samsung Galaxy M13 4/64GB Light Blue (SM-M135FLBDSEK),6 749 ₴
352486503,Мобільний телефон Apple iPhone 14 128GB Blue (MPVN3RX/A),41 499 ₴
341808430,Мобільний телефон Nokia С21 Plus 3/32 Dark Cyan,3 999 ₴
318462052,Мобільний телефон Apple iPhone 13 mini 128GB Midnight (MLK03HU/A),31 499 ₴
334086538,Мобільний телефон Samsung Galaxy S22 Ultra 12/512 GB Phantom Black (SM-S908BZKHSEK),51 099 ₴
294450473,Мобільний телефон Nokia G10 3/32 GB Blue (719901148421),3 999 ₴
353880648,Мобільний телефон Infinix Note 12 (X663D) 6/128GB Force Black (4895180783708),7 499 ₴
318423439,Мобільний телефон Motorola Moto E20 2/32 GB Graphite (PASY0010RS),3 799 ₴
331591759,Мобільний телефон Samsung Galaxy S21 FE 8/256GB Olive (SM-G990BLGGSEK/SM-G990BLGWSEK),25 499 ₴
352490757,Мобільний телефон Apple iPhone 14 Plus 128GB Purple (MQ503RX/A),42 999 ₴
334230694,Мобільний телефон Infinix Smart 6 2/32 GB Polar Black (4895180775932),3 888 ₴
352490772,Мобільний телефон Apple iPhone 14 Pro 1TB Gold (MQ2V3RX/A),83 999 ₴
353372412,Мобільний телефон Tecno Spark 8C (KG5n) 4/64GB NFC 2SIM Magnet Black (4895180777974),4 999 ₴
357873492,Мобільний телефон ZTE Blade V40 6/128GB Blue,6 799 ₴
340276957,Мобільний телефон Nokia G11 3/32 Chacoal,4 499 ₴
334134037,Мобільний телефон Xiaomi Redmi Note 11 4/128 GB Twilight Blue,8 499 ₴
334104163,Мобільний телефон Samsung Galaxy S22 8/128 GB Phantom Black (SM-S901BZKDSEK),29 499 ₴
355371264,Мобільний телефон Samsung Galaxy S22 8/256GB Light Violet (SM-S901BLVGSEK),31 799 ₴
341362387,Мобільний телефон Xiaomi Redmi 10C 4/64GB Graphite Gray,6 499 ₴
344434378,Мобільний телефон Infinix HOT 12 Play NFC (X6816D) 4/64GB Racing Black (4895180779725),5 555 ₴
353817765,Мобільний телефон Poco M5 4/64GB Black (953803),6 499 ₴
245162131,Мобільний телефон Apple iPhone 12 64GB Black (MGJ53FS/A),29 999 ₴
337953565,Мобільний телефон Apple iPhone SE 128GB 2022 (PRODUCT) Red (MMXL3RM/A),24 499 ₴
347516319,Мобільний телефон Samsung Galaxy M13 4/128GB Light Blue (SM-M135FLBGSEK),7 199 ₴
318466333,Мобільний телефон Apple iPhone 13 256GB Starlight (MLQ73HU/A),40 999 ₴
350868384,Мобільний телефон Nokia G11 Plus 4/64GB Grey,5 199 ₴
348816753,Мобільний телефон Huawei Nova Y70 4/128GB Midnight Black (51096YSR),5 999 ₴
343284046,Мобільний телефон Xiaomi Redmi 9A 2/32GB Glacial Blue (M2006C3LG),4 199 ₴
334557358,Мобільний телефон Infinix Hot 11S 6/128 GB Polar Black (4895180776090),7 799 ₴
350915952,Мобільний телефон Xiaomi Redmi 9C 2/32GB Aurora Green (946961),4 799 ₴
260862296,Мобільний телефон Apple iPhone 11 64GB Black (MHDA3),22 499 ₴
334132594,Мобільний телефон Xiaomi Redmi Note 11 4/64 GB Twilight Blue,7 799 ₴
349390674,Мобільний телефон Samsung Galaxy Flip 4 8/256GB Blue (SM-F721BLBHSEK),38 499 ₴
245162401,Мобільний телефон Apple iPhone 12 128GB Purple (MJNP3FS/A),32 499 ₴
341809393,Мобільний телефон Nokia G11 4/64 Chacoal,4 999 ₴
357879876,Мобільний телефон ZTE Blade A51 3/64GB Blue,3 999 ₴
280512858,Мобільний телефон Samsung Galaxy A32 4/64 GB Blue,10 999 ₴
353823894,Мобільний телефон Motorola G22 4/128GB Cosmic Black (950891),5 999 ₴
348313113,Мобільний телефон Motorola G31 4/64GB Meteorite Grey (869855),5 799 ₴
334099702,Мобільний телефон Samsung Galaxy S22 Plus 8/128 GB Phantom Black (SM-S906BZKDSEK),35 499 ₴
314405227,Мобільний телефон Samsung Galaxy A03s 3/32 GB Blue (SM-A037FZBDSEK),4 799 ₴
313941214,Мобільний телефон Xiaomi Redmi 10 2022 4/64GB Carbon Gray,7 299 ₴
349390671,Мобільний телефон Samsung Galaxy Fold 4 12/256GB Phantom Black (SM-F936BZKBSEK),67 499 ₴
345608926,Мобільний телефон Poco M4 Pro 8/256GB Cool Blue (945356),10 499 ₴
352490655,Мобільний телефон Apple iPhone 14 256GB Purple (MPWA3RX/A),46 499 ₴
340365501,Мобільний телефон Samsung Galaxy A53 5G 8/256GB Orange (SM-A536EZOHSEK),19 599 ₴
352490736,Мобільний телефон Apple iPhone 14 Plus 256GB Blue (MQ583RX/A),47 999 ₴
340280235,Мобільний телефон Samsung Galaxy M33 5G 6/128GB Green (SM-M336BZGGSEK),10 349 ₴
355435056,Мобільний телефон Samsung Galaxy A04s 4/64GB Copper (SM-A047FZCVSEK),6 499 ₴
355379118,Мобільний телефон Samsung Galaxy A04 4/64GB Green (SM-A045FZGGSEK),5 799 ₴
334118533,Мобільний телефон Xiaomi Redmi Note 11 Pro 6/128GB Pearl White,11 999 ₴
337936081,Мобільний телефон Apple iPhone 13 512GB Green (MNGM3HU/A),50 999 ₴
340325380,Мобільний телефон Samsung Galaxy A13 4/128GB Black (SM-A135FZKKSEK),8 099 ₴
341366638,Мобільний телефон Xiaomi Redmi 10C 4/128GB Mint Green,6 999 ₴
340365461,Мобільний телефон Samsung Galaxy A53 5G 6/128GB Black (SM-A536EZKDSEK),17 299 ₴
